{
    "loss": 16.835695266723633,
    "accuracy": 0.43338361382484436
}